<Interchange>
    <S_UNA>:+.? '</S_UNA>
    <S_UNB>
      <C_S001>
        <D_0001>UNOC</D_0001>
        <D_0002>3</D_0002>
      </C_S001>
      <C_S002>
        <D_0004>Sender1</D_0004>
        <D_0007>11</D_0007>
        <D_0008>ABC</D_0008>
      </C_S002>
      <C_S003>
        <D_0010>Receiver2</D_0010>
        <D_0007>12</D_0007>
        <D_0014>DEF</D_0014>
      </C_S003>
      <C_S004>
        <D_0017>220129</D_0017>
        <D_0019>0341</D_0019>
      </C_S004>
    </S_UNB>
    <M_ORDERS>
      <S_UNH>
        <D_0062>1</D_0062>
        <C_S009>
          <D_0065>ORDERS</D_0065>
          <D_0052>D</D_0052>
          <D_0054>96A</D_0054>
          <D_0051>UN</D_0051>
        </C_S009>
        <C_S010>
          <D_0070>2</D_0070>
        </C_S010>
      </S_UNH>
      <S_BGM/>
      <S_DTM/>
      <S_UNT>
        <D_0074>4</D_0074>
        <D_0062>1</D_0062>
      </S_UNT>
    </M_ORDERS>
    <S_UNZ>
      <D_0036>1</D_0036>
      <D_0020>1</D_0020>
    </S_UNZ>
  </Interchange>
  